{"stats":{"minecraft:killed_by":{"spore:slasher":1,"minecraft:player":1,"minecraft:wither_skeleton":5,"spore:volatile":1,"minecraft:creeper":6,"minecraft:spider":1,"spore:knight":1,"spore:inf_human":10,"goat_man:goat_man":1,"spore:griefer":1,"spore:inf_pillager":1,"spore:inf_player":7,"minecraft:piglin":1,"minecraft:hoglin":1,"spore:inf_villager":2,"minecraft:skeleton":17,"minecraft:zombie":7,"cave_dweller:cave_dweller":1},"minecraft:killed":{"minecraft:zombified_piglin":1,"minecraft:spider":8,"minecraft:skeleton":27,"minecraft:chicken":14,"artifacts:mimic":1,"minecraft:piglin":1,"minecraft:pig":6,"spore:inf_player":2,"spore:inf_drowned":2,"spore:inf_pillager":2,"minecraft:sheep":19,"spore:inf_villager":2,"minecraft:zombie":24,"spore:inf_human":17,"spore:inf_witch":1,"minecraft:wither_skeleton":5,"minecraft:cow":3},"minecraft:picked_up":{"spore:mutated_heart":5,"minecraft:iron_chestplate":3,"minecraft:crafting_table":3,"minecraft:wheat":10,"minecraft:chainmail_boots":5,"minecraft:chicken":15,"minecraft:anvil":1,"minecraft:smithing_table":2,"minecraft:diamond_sword":1,"minecraft:gold_block":2,"minecraft:potion":3,"minecraft:nether_brick":19,"minecraft:brewing_stand":1,"spore:sickle_fragment":1,"minecraft:shield":1,"minecraft:string":23,"minecraft:iron_axe":2,"epicpaladins:bloodstone_gem":2,"minecraft:blackstone":45,"minecraft:cracked_stone_bricks":28,"minecraft:candle":1,"minecraft:cobbled_deepslate":32,"minecraft:beef":10,"minecraft:light_gray_wool":1,"minecraft:iron_boots":1,"minecraft:egg":5,"minecraft:furnace":2,"minecraft:raw_iron":46,"minecraft:stick":1,"minecraft:oak_fence":2,"minecraft:torch":4,"minecraft:spruce_stairs":1,"minecraft:fire_charge":1,"minecraft:porkchop":11,"tombstone:grave_dust":8,"minecraft:pointed_dripstone":12,"minecraft:arrow":55,"epicpaladins:cryorium_gem":8,"artifacts:lucky_scarf":2,"minecraft:rotten_flesh":53,"minecraft:nether_bricks":1,"minecraft:hay_block":107,"minecraft:gold_ingot":1,"minecraft:brick_stairs":3,"minecraft:white_wool":11,"minecraft:mutton":28,"minecraft:obsidian":2,"minecraft:iron_bars":3,"minecraft:cobblestone":43,"minecraft:birch_log":1,"minecraft:feather":10,"minecraft:cooked_beef":1,"minecraft:andesite":3,"minecraft:orange_carpet":2,"minecraft:granite_stairs":3,"minecraft:tuff":10,"minecraft:oak_log":18,"minecraft:gunpowder":2,"artifacts:flame_pendant":1,"minecraft:cobblestone_wall":1,"epicpaladins:bloodstone_sword":1,"minecraft:lapis_lazuli":92,"minecraft:dirt":48,"minecraft:polished_granite":3,"minecraft:bone":52,"minecraft:bow":3,"minecraft:iron_ingot":1,"artifacts:kitty_slippers":1,"spore:mutated_fiber":30,"minecraft:glass_bottle":7,"minecraft:oak_planks":61,"minecraft:iron_sword":1,"spore:cerebrum":3,"minecraft:dripstone_block":2,"minecraft:gravel":2,"minecraft:nether_brick_stairs":2,"minecraft:blast_furnace":2,"minecraft:white_bed":4,"minecraft:spider_eye":7,"minecraft:mossy_cobblestone":1,"minecraft:bundle":1,"minecraft:diamond":10,"minecraft:chainmail_leggings":1,"minecraft:granite":2,"minecraft:golden_apple":11,"minecraft:gray_wool":1,"minecraft:chainmail_helmet":1,"minecraft:bread":14,"spore:spine_fragment":5,"tombstone:magic_scroll":1,"minecraft:oak_sapling":1,"minecraft:damaged_anvil":1,"minecraft:netherrack":6,"minecraft:coal":26,"minecraft:ender_pearl":3},"minecraft:dropped":{"minecraft:nether_brick_stairs":2,"minecraft:iron_ingot":1,"minecraft:bread":64,"minecraft:iron_sword":3,"minecraft:candle":1,"minecraft:cooked_beef":3,"minecraft:mossy_cobblestone":4,"minecraft:glass_bottle":2,"minecraft:smithing_table":1,"minecraft:crafting_table":1,"minecraft:dripstone_block":1,"minecraft:feather":10,"minecraft:oak_fence":2,"minecraft:cobblestone":12,"minecraft:cracked_stone_bricks":1,"minecraft:chainmail_helmet":1,"minecraft:golden_apple":14,"minecraft:stick":1,"minecraft:dirt":36,"artifacts:lucky_scarf":2,"minecraft:orange_carpet":1,"minecraft:brewing_stand":1,"minecraft:torch":57,"minecraft:mutton":2,"epicpaladins:cryorium_gem":9,"minecraft:diamond_helmet":1,"tombstone:grave_dust":2,"minecraft:iron_axe":1,"minecraft:granite_stairs":3,"minecraft:chainmail_leggings":1,"minecraft:string":6,"minecraft:white_wool":2,"minecraft:bucket":1,"minecraft:gold_ingot":33,"minecraft:bone":6,"minecraft:gravel":2,"artifacts:kitty_slippers":1,"minecraft:cobblestone_wall":1,"minecraft:obsidian":3,"minecraft:pointed_dripstone":8,"minecraft:chicken":1,"minecraft:rotten_flesh":3,"minecraft:light_gray_wool":1,"minecraft:oak_planks":15,"minecraft:iron_boots":3,"artifacts:flame_pendant":1,"spore:mutated_fiber":1,"minecraft:chainmail_chestplate":1,"minecraft:hay_block":2,"minecraft:gunpowder":2,"minecraft:brick_stairs":3,"minecraft:iron_chestplate":2,"minecraft:andesite":3,"minecraft:oak_sapling":1,"minecraft:chainmail_boots":4,"minecraft:spider_eye":1,"minecraft:iron_bars":1,"minecraft:arrow":37,"minecraft:stone_pickaxe":1,"minecraft:beef":4,"minecraft:wooden_pickaxe":1},"minecraft:broken":{"minecraft:iron_chestplate":1,"minecraft:iron_leggings":1,"minecraft:chainmail_helmet":1,"minecraft:shield":2,"minecraft:iron_axe":1,"minecraft:iron_helmet":1},"minecraft:crafted":{"minecraft:oak_planks":72,"minecraft:furnace":2,"epicpaladins:bloodstone_sword":1,"minecraft:cooked_mutton":18,"minecraft:iron_boots":1,"minecraft:iron_axe":1,"minecraft:stone_pickaxe":1,"minecraft:chest":1,"minecraft:wheat":863,"minecraft:emerald":16,"minecraft:cooked_porkchop":1,"minecraft:crafting_table":4,"minecraft:wooden_pickaxe":1,"minecraft:iron_helmet":1,"minecraft:iron_sword":1,"minecraft:birch_planks":4,"minecraft:bread":184,"minecraft:air":0,"minecraft:oak_boat":1,"minecraft:iron_chestplate":1,"minecraft:golden_apple":24,"minecraft:shield":2,"minecraft:raw_gold":54,"minecraft:stick":24,"minecraft:iron_ingot":66,"minecraft:iron_pickaxe":1,"minecraft:iron_leggings":1,"minecraft:gold_ingot":159,"minecraft:torch":48},"minecraft:mined":{"minecraft:tuff":1,"minecraft:white_bed":4,"minecraft:deepslate_diamond_ore":10,"minecraft:granite":1,"minecraft:nether_bricks":1,"minecraft:grass_block":2,"minecraft:brick_stairs":1,"minecraft:spawner":11,"minecraft:hay_block":107,"minecraft:tall_seagrass":3,"minecraft:magma_block":1,"minecraft:furnace":2,"minecraft:iron_ore":38,"minecraft:fire":11,"minecraft:deepslate_lapis_ore":16,"minecraft:gold_block":2,"minecraft:pointed_dripstone":2,"minecraft:dirt_path":3,"minecraft:deepslate_iron_ore":8,"minecraft:iron_bars":6,"minecraft:stone":23,"minecraft:granite_stairs":3,"minecraft:polished_granite_stairs":1,"minecraft:white_wool":1,"minecraft:smithing_table":1,"minecraft:quartz_block":1,"minecraft:crafting_table":2,"minecraft:blast_furnace":1,"minecraft:tall_grass":2,"minecraft:cobblestone":4,"minecraft:damaged_anvil":1,"minecraft:bricks":1,"minecraft:warped_nylium":1,"minecraft:birch_log":1,"minecraft:wheat":1,"minecraft:stone_brick_stairs":1,"minecraft:grass":12,"minecraft:coal_ore":19,"minecraft:oak_log":19,"minecraft:dripstone_block":1,"minecraft:dirt":2,"minecraft:cracked_stone_bricks":1,"minecraft:stone_bricks":2,"minecraft:oak_leaves":6,"minecraft:deepslate":13},"minecraft:used":{"minecraft:chest":1,"minecraft:shield":112,"minecraft:torch":10,"minecraft:dirt":14,"minecraft:anvil":1,"minecraft:nether_bricks":2,"minecraft:tuff":1,"minecraft:lava_bucket":6,"minecraft:iron_axe":189,"minecraft:furnace":2,"tombstone:gift":2,"minecraft:cooked_beef":1,"minecraft:egg":5,"minecraft:cobbled_deepslate":19,"minecraft:cooked_mutton":5,"minecraft:oak_planks":15,"minecraft:stone_pickaxe":44,"minecraft:wooden_pickaxe":3,"minecraft:white_wool":1,"minecraft:golden_apple":1,"minecraft:crafting_table":6,"minecraft:apple":8,"minecraft:chicken":7,"minecraft:bread":96,"minecraft:iron_pickaxe":137,"minecraft:polished_granite":1,"minecraft:diamond_sword":20,"minecraft:cobblestone":9,"minecraft:potion":2,"minecraft:cooked_porkchop":1,"epicpaladins:bloodstone_sword":411,"minecraft:bucket":6,"minecraft:oak_boat":1},"minecraft:custom":{"minecraft:mob_kills":144,"minecraft:interact_with_crafting_table":30,"minecraft:open_barrel":29,"minecraft:damage_dealt_resisted":19,"minecraft:leave_game":3,"minecraft:time_since_death":728,"minecraft:climb_one_cm":1160,"minecraft:sprint_one_cm":718255,"minecraft:walk_one_cm":937343,"minecraft:damage_blocked_by_shield":7230,"minecraft:drop":190,"minecraft:talked_to_villager":29,"minecraft:play_time":221294,"minecraft:sneak_time":1391,"minecraft:deaths":72,"minecraft:walk_under_water_one_cm":10225,"minecraft:boat_one_cm":318824,"minecraft:jump":3707,"minecraft:interact_with_blast_furnace":24,"minecraft:walk_on_water_one_cm":22956,"minecraft:total_world_time":221294,"minecraft:interact_with_furnace":27,"minecraft:traded_with_villager":16,"minecraft:interact_with_cartography_table":1,"minecraft:interact_with_grindstone":1,"minecraft:time_since_rest":451,"minecraft:damage_taken":26863,"minecraft:damage_absorbed":40,"minecraft:damage_dealt":24700,"minecraft:player_kills":4,"minecraft:swim_one_cm":15366,"minecraft:fly_one_cm":619591,"minecraft:open_chest":110,"minecraft:crouch_one_cm":4154,"tombstone:undead_killed":57,"minecraft:interact_with_smoker":1,"minecraft:fall_one_cm":157962}},"DataVersion":3465}