{"stats":{"minecraft:custom":{"minecraft:jump":31,"minecraft:time_since_rest":3333,"minecraft:damage_taken":239,"minecraft:leave_game":2,"minecraft:crouch_one_cm":239,"minecraft:time_since_death":5732,"minecraft:play_time":8396,"minecraft:sprint_one_cm":4544,"minecraft:walk_one_cm":1859,"minecraft:walk_on_water_one_cm":340,"minecraft:deaths":1,"minecraft:sneak_time":57,"minecraft:total_world_time":8396,"minecraft:walk_under_water_one_cm":1770,"minecraft:swim_one_cm":45068,"minecraft:fall_one_cm":1430,"minecraft:fly_one_cm":59430},"minecraft:killed_by":{"alexsmobs:skelewag":1}},"DataVersion":3465}