{"stats":{"minecraft:picked_up":{"spore:mutated_heart":6,"minecraft:iron_chestplate":1,"minecraft:crafting_table":6,"minecraft:chainmail_boots":1,"minecraft:golden_pickaxe":1,"minecraft:wooden_pickaxe":1,"minecraft:string":25,"artifacts:power_glove":1,"minecraft:white_carpet":5,"epicpaladins:bloodstone_gem":13,"minecraft:iron_shovel":1,"minecraft:cracked_stone_bricks":3,"minecraft:gold_nugget":9,"minecraft:cobbled_deepslate":89,"minecraft:beef":20,"minecraft:oak_boat":2,"minecraft:birch_sapling":9,"minecraft:iron_boots":3,"minecraft:furnace":3,"minecraft:stick":2,"minecraft:raw_iron":47,"epicpaladins:arclight_gem":6,"minecraft:torch":64,"minecraft:porkchop":31,"minecraft:pointed_dripstone":10,"tombstone:grave_dust":9,"minecraft:diorite":1,"epicpaladins:moonlight_gem":3,"minecraft:redstone":9,"minecraft:golden_chestplate":1,"minecraft:dark_oak_planks":24,"minecraft:arrow":80,"minecraft:rotten_flesh":36,"artifacts:lucky_scarf":2,"epicpaladins:cryorium_gem":9,"minecraft:hay_block":29,"minecraft:iron_block":3,"minecraft:gold_ingot":2,"minecraft:brick_stairs":2,"minecraft:obsidian":3,"minecraft:mutton":3,"minecraft:iron_bars":8,"minecraft:white_wool":1,"minecraft:cobblestone":306,"minecraft:enchanting_table":1,"minecraft:birch_log":33,"minecraft:cooked_beef":9,"minecraft:glow_ink_sac":2,"minecraft:leather":15,"minecraft:golden_leggings":1,"minecraft:smoker":1,"minecraft:flint":3,"minecraft:crimson_fungus":1,"minecraft:tuff":2,"minecraft:oak_log":18,"artifacts:flame_pendant":2,"minecraft:yellow_bed":5,"minecraft:gunpowder":1,"epicpaladins:bloodstone_sword":2,"minecraft:dirt":31,"tombstone:gift":1,"minecraft:bone":81,"minecraft:bow":3,"minecraft:wheat_seeds":1,"minecraft:raw_gold":5,"minecraft:iron_ingot":1,"artifacts:kitty_slippers":1,"tombstone:bag_of_seeds":1,"spore:mutated_fiber":41,"minecraft:mossy_stone_bricks":49,"minecraft:diamond_helmet":1,"minecraft:iron_sword":1,"spore:cerebrum":1,"minecraft:chiseled_stone_bricks":1,"spore:armor_fragment":2,"minecraft:dripstone_block":8,"minecraft:gravel":3,"minecraft:blast_furnace":3,"minecraft:white_bed":2,"minecraft:dark_oak_log":39,"minecraft:spider_eye":23,"minecraft:leather_helmet":1,"spore:claw_fragment":4,"minecraft:yellow_carpet":1,"minecraft:diamond":25,"minecraft:chainmail_leggings":2,"minecraft:iron_helmet":1,"minecraft:diamond_axe":1,"minecraft:golden_apple":3,"minecraft:chainmail_helmet":4,"minecraft:bread":64,"minecraft:light_gray_carpet":3,"minecraft:netherrack":19,"minecraft:coal":92,"minecraft:crimson_roots":3},"minecraft:mined":{"minecraft:tuff":3,"minecraft:white_bed":2,"minecraft:deepslate_diamond_ore":25,"minecraft:dark_oak_log":40,"minecraft:nether_bricks":11,"minecraft:granite":9,"minecraft:grass_block":2,"minecraft:crimson_roots":1,"minecraft:spawner":13,"minecraft:large_fern":1,"minecraft:hay_block":29,"epicpaladins:moonlight_ore":5,"minecraft:furnace":2,"minecraft:iron_ore":22,"minecraft:fire":16,"minecraft:cobbled_deepslate":3,"minecraft:nether_brick_stairs":2,"minecraft:enchanting_table":1,"minecraft:pointed_dripstone":1,"minecraft:deepslate_iron_ore":25,"minecraft:iron_bars":5,"minecraft:stone":279,"minecraft:granite_stairs":1,"minecraft:deepslate_redstone_ore":3,"minecraft:light_gray_carpet":3,"minecraft:quartz_block":4,"minecraft:soul_sand":1,"epicpaladins:deepslate_bloodstone_ore":13,"minecraft:smoker":1,"minecraft:polished_granite":2,"minecraft:crafting_table":5,"minecraft:blast_furnace":3,"minecraft:copper_ore":1,"minecraft:cobblestone":13,"minecraft:deepslate_gold_ore":5,"minecraft:wall_torch":1,"minecraft:birch_log":20,"epicpaladins:deepslate_cryorium_ore":9,"minecraft:white_carpet":7,"minecraft:birch_leaves":6,"minecraft:yellow_bed":5,"minecraft:grass":6,"minecraft:coal_ore":76,"minecraft:oak_log":18,"minecraft:pitcher_crop":1,"minecraft:gravel":1,"minecraft:dirt":4,"minecraft:dripstone_block":1,"minecraft:cobweb":2,"minecraft:cracked_stone_bricks":1,"minecraft:netherrack":3,"minecraft:oak_leaves":4,"epicpaladins:arclight_ore":6,"minecraft:deepslate":89},"minecraft:used":{"minecraft:flint_and_steel":2,"minecraft:light_gray_carpet":2,"minecraft:chest":2,"minecraft:shield":181,"minecraft:iron_sword":35,"minecraft:torch":240,"minecraft:dirt":5,"minecraft:anvil":1,"minecraft:yellow_carpet":1,"minecraft:obsidian":3,"minecraft:dark_oak_planks":61,"minecraft:iron_helmet":1,"minecraft:iron_boots":5,"minecraft:bow":129,"minecraft:furnace":4,"tombstone:gift":5,"minecraft:cooked_beef":25,"minecraft:cobbled_deepslate":39,"minecraft:water_bucket":5,"minecraft:birch_planks":1,"minecraft:oak_planks":47,"minecraft:stone_pickaxe":28,"minecraft:stonecutter":1,"minecraft:wooden_pickaxe":24,"minecraft:diamond_axe":62,"minecraft:golden_apple":5,"minecraft:rail":1,"minecraft:tnt":1,"minecraft:crafting_table":10,"minecraft:blast_furnace":3,"minecraft:smoker":1,"minecraft:diamond_pickaxe":152,"minecraft:bread":117,"minecraft:iron_pickaxe":450,"minecraft:stone_axe":63,"minecraft:cobblestone":322,"minecraft:cooked_porkchop":1,"epicpaladins:bloodstone_sword":449,"minecraft:bucket":6,"minecraft:yellow_bed":2,"minecraft:oak_boat":2,"minecraft:chest_minecart":1},"minecraft:dropped":{"minecraft:bread":14,"minecraft:wheat_seeds":1,"minecraft:iron_helmet":2,"minecraft:cracked_stone_bricks":3,"minecraft:chainmail_helmet":3,"minecraft:flint":1,"minecraft:stick":3,"minecraft:diorite":3,"tombstone:grave_dust":8,"minecraft:iron_leggings":2,"minecraft:chainmail_leggings":1,"minecraft:string":14,"minecraft:redstone":9,"minecraft:gravel":1,"minecraft:stone_axe":1,"artifacts:kitty_slippers":1,"minecraft:tuff":1,"minecraft:birch_sapling":9,"minecraft:pointed_dripstone":3,"epicpaladins:bloodstone_gem":2,"minecraft:rotten_flesh":6,"minecraft:oak_planks":11,"minecraft:iron_boots":4,"artifacts:flame_pendant":2,"spore:mutated_fiber":11,"minecraft:white_bed":1,"minecraft:shield":2,"minecraft:gunpowder":1,"minecraft:brick_stairs":2,"minecraft:iron_chestplate":1,"minecraft:spider_eye":21,"minecraft:arrow":7,"minecraft:iron_bars":2,"minecraft:stone_pickaxe":1,"minecraft:wooden_pickaxe":2},"minecraft:killed":{"minecraft:zombified_piglin":12,"minecraft:spider":24,"minecraft:skeleton":40,"artifacts:mimic":1,"minecraft:pig":9,"spore:inf_player":7,"spore:inf_wanderer":2,"minecraft:bat":1,"minecraft:hoglin":5,"minecraft:creeper":1,"spore:inf_pillager":4,"minecraft:sheep":1,"spore:inf_villager":2,"minecraft:zombie":39,"spore:inf_human":29,"minecraft:stray":1,"spore:busser":2,"minecraft:cow":10},"minecraft:custom":{"minecraft:interact_with_smithing_table":2,"minecraft:interact_with_anvil":1,"minecraft:mob_kills":210,"minecraft:interact_with_crafting_table":39,"minecraft:open_barrel":40,"minecraft:interact_with_campfire":12,"minecraft:bell_ring":4,"minecraft:damage_dealt_resisted":69,"minecraft:eat_cake_slice":9,"minecraft:leave_game":4,"minecraft:time_since_death":7820,"minecraft:climb_one_cm":886,"minecraft:sprint_one_cm":798080,"minecraft:walk_one_cm":636843,"minecraft:damage_blocked_by_shield":8833,"minecraft:drop":81,"minecraft:talked_to_villager":2,"minecraft:play_time":287091,"minecraft:sneak_time":15878,"minecraft:deaths":69,"minecraft:walk_under_water_one_cm":49140,"minecraft:boat_one_cm":331295,"minecraft:jump":5246,"minecraft:interact_with_blast_furnace":28,"minecraft:walk_on_water_one_cm":48498,"minecraft:total_world_time":287091,"minecraft:interact_with_furnace":37,"minecraft:interact_with_cartography_table":2,"minecraft:tune_noteblock":2,"minecraft:interact_with_stonecutter":1,"minecraft:time_since_rest":7197,"minecraft:damage_taken":41814,"minecraft:damage_absorbed":172,"minecraft:trigger_trapped_chest":1,"minecraft:damage_dealt":30761,"minecraft:player_kills":1,"minecraft:swim_one_cm":97798,"minecraft:fly_one_cm":1069517,"minecraft:open_chest":138,"minecraft:crouch_one_cm":55499,"tombstone:undead_killed":93,"minecraft:interact_with_smoker":10,"minecraft:fall_one_cm":352534},"minecraft:killed_by":{"minecraft:player":4,"minecraft:zombified_piglin":1,"minecraft:wither_skeleton":1,"spore:volatile":1,"minecraft:stray":2,"minecraft:creeper":6,"minecraft:spider":2,"spore:inf_human":7,"goat_man:goat_man":2,"spore:inf_wanderer":1,"spore:inf_pillager":1,"spore:spitter":1,"spore:inf_player":2,"spore:inf_villager":3,"minecraft:skeleton":17,"minecraft:zombie":8,"cave_dweller:cave_dweller":3},"minecraft:crafted":{"minecraft:oak_planks":72,"minecraft:furnace":1,"minecraft:stone":3,"epicpaladins:bloodstone_sword":1,"minecraft:iron_boots":2,"minecraft:stone_pickaxe":1,"minecraft:chest":2,"minecraft:dark_oak_planks":156,"minecraft:wheat":261,"minecraft:cooked_beef":16,"minecraft:coal_block":1,"minecraft:cooked_porkchop":1,"minecraft:crafting_table":4,"minecraft:wooden_pickaxe":1,"minecraft:iron_helmet":3,"minecraft:iron_sword":1,"minecraft:birch_planks":28,"minecraft:stone_axe":1,"minecraft:bread":87,"minecraft:air":0,"minecraft:iron_chestplate":3,"minecraft:diamond_pickaxe":1,"minecraft:shield":6,"minecraft:stick":68,"minecraft:iron_ingot":73,"minecraft:iron_pickaxe":1,"minecraft:iron_leggings":2,"minecraft:stonecutter":1,"minecraft:anvil":1,"minecraft:torch":128},"minecraft:broken":{"minecraft:leather_helmet":1,"minecraft:iron_chestplate":1,"minecraft:iron_leggings":1,"minecraft:shield":3,"minecraft:iron_pickaxe":1,"minecraft:iron_helmet":1}},"DataVersion":3465}