{"stats":{"minecraft:custom":{"minecraft:jump":139,"minecraft:time_since_rest":5662,"minecraft:crouch_one_cm":186,"minecraft:leave_game":1,"minecraft:play_time":5662,"minecraft:sprint_one_cm":21980,"minecraft:time_since_death":5662,"minecraft:walk_on_water_one_cm":264,"minecraft:walk_one_cm":3477,"minecraft:sneak_time":20,"minecraft:total_world_time":5662,"minecraft:walk_under_water_one_cm":1763,"minecraft:swim_one_cm":1451,"minecraft:fall_one_cm":1165,"minecraft:fly_one_cm":143216},"minecraft:used":{"minecraft:ice":33,"minecraft:potion":2}},"DataVersion":3465}